period,gaslimit,readtime,dbwritetime,dbreaadtime,blockcommittime,tps,latency,contracttime
5,15000000,1.32ms,7943.983187499999µs,3625.957500000001µs,4982.428571428572ms,114.2857143,33212.14727639543ms,7.320092915214866ms
5,16500000,1.37ms,2837.7300666666665µs,4896.483666666667µs,4995.5ms,123.0769231,33668.41642512077ms,6.731121679619534ms
5,18000000,1.42ms,4184.988666666667µs,4746.198466666666µs,4990.166666666667ms,123.0769231,32874.339299171064ms,6.724860982391103ms
5,19500000,1.4ms,3170.0506µs,5076.964400000001µs,4994.333333333333ms,123.0769231,33537.44570563753ms,6.713839389030317ms
5,21000000,1.31ms,3834.9218666666666µs,5051.385933333335µs,4993.166666666667ms,123.0769231,31887.957811596996ms,6.704842251242344ms
5,22500000,1.36ms,4233.8355µs,5804.399285714286µs,4992.4ms,133.3333333,33556.532211814185ms,6.121191135734072ms
5,24000000,1.65ms,3649.4644285714285µs,5843.501357142857µs,4995ms,133.3333333,31914.427276473012ms,6.11550432276657ms
5,25500000,1.36ms,4553.335928571428µs,5891.695785714286µs,4988.8ms,133.3333333,30708.210506280928ms,6.1062751871042025ms
5,27000000,1.39ms,3167.4784999999997µs,5816.694071428571µs,4994.8ms,133.3333333,31529.084736355228ms,6.097976080956761ms
5,28500000,1.45ms,6980.167357142856µs,6570.8635µs,4988.8ms,133.3333333,30174.415065626785ms,6.091420695991731ms
5,30000000,1.56ms,3374.3626428571433µs,5730.563428571429µs,4993.6ms,133.3333333,31348.4112654321ms,6.082358339068594ms
6,15000000,1.73ms,3389.336846153846µs,6454.334000000001µs,4994ms,121.2121212,28015.34400767018ms,5.503723221445756ms
6,16500000,1.65ms,3974.816615384615µs,7005.098692307692µs,4992.5ms,121.2121212,27647.928571428572ms,5.496853186863485ms
6,18000000,1.46ms,5924.011923076923µs,6217.075153846154µs,4993ms,121.2121212,26717.36895621498ms,5.489028571428571ms
6,19500000,1.55ms,4105.13023076923µs,6117.230999999999µs,4992.25ms,121.2121212,26577.500368459838ms,5.482250884602214ms
6,21000000,1.72ms,3374.787µs,6824.0599999999995µs,4992.5ms,121.2121212,27977.482440990214ms,5.477998176014592ms
6,22500000,1.79ms,3250.588769230769µs,6386.026923076924µs,4995.25ms,121.2121212,27359.213974626018ms,5.468860298303541ms
6,24000000,1.72ms,3751.781461538461µs,6092.1285384615385µs,4992ms,121.2121212,25789.833115060803ms,5.460427564248351ms
6,25500000,1.71ms,3700.653750000001µs,6847.553583333333µs,4994.333333333333ms,133.3333333,27222.79665686995ms,4.88847245883021ms
6,27000000,1.85ms,3489.5338333333334µs,7647.621416666666µs,4994ms,133.3333333,24878.16801948052ms,4.883053539019964ms
6,28500000,1.82ms,4310.86175µs,6634.956666666665µs,4991.666666666667ms,133.3333333,25964.912304165075ms,4.880480344397871ms
6,30000000,1.58ms,6872.164250000001µs,3955.7667857142865µs,4992.666666666667ms,133.3333333,26318.617060637203ms,4.870770623514767ms
7,15000000,1.78ms,7300.212833333334µs,9848.332615384616µs,4983.666666666667ms,114.2857143,25021.139208173692ms,4.864263110307414ms
7,16500000,1.83ms,6986.3682499999995µs,3969.486375µs,4990.333333333333ms,114.2857143,26424.489241469244ms,4.858013544018059ms
7,18000000,1.83ms,7819.536750000002µs,3485.53375µs,4991.666666666667ms,114.2857143,23512.447715109098ms,4.850749633637696ms
7,19500000,1.76ms,6174.752500000001µs,4087.4585625µs,4987.333333333333ms,114.2857143,23679.76049270073ms,4.843503715379419ms
7,21000000,2.16ms,6370.368818181817µs,3007.451764705882µs,4997ms,126.984127,23539.703543307085ms,4.2796267146390825ms
7,22500000,1.77ms,6108.764363636364µs,4210.005533333333µs,4991.5ms,126.984127,23657.667338709678ms,4.275381850853549ms
7,24000000,1.61ms,6378.081909090909µs,4493.682470588235µs,4992.5ms,126.984127,23822.852963525835ms,4.268984856982613ms
7,25500000,2.57ms,6438.457µs,5154.582052631579µs,4986ms,126.984127,23238.90186915888ms,4.260923145866009ms
7,27000000,1.81ms,9117.598272727271µs,3927.5686470588244µs,4990ms,126.984127,24596.378949710725ms,4.258587893028981ms
7,28500000,1.89ms,6732.324636363636µs,3361.997888888889µs,4992.5ms,126.984127,23279.97518779877ms,4.253017434063477ms
7,30000000,2.19ms,6222.1066363636355µs,4123.831095238095µs,4992.5ms,126.984127,22712.961158798284ms,4.2479071324924655ms
8,15000000,1.92ms,6576.671545454547µs,3538.222105263157µs,4988.5ms,111.1111111,22232.26961483595ms,4.241667595585777ms
8,16500000,2.2ms,6489.109727272728µs,4100.696800000001µs,4991.5ms,111.1111111,22723.30368723365ms,4.233578267646404ms
8,18000000,2.66ms,6234.009818181818µs,4392.960217391305µs,4990ms,111.1111111,22851.080249665625ms,4.226817878585724ms
8,19500000,2.23ms,7218.5679µs,4920.8179500000015µs,4990ms,125,22382.59487179487ms,3.67255163224517ms
8,21000000,blockpropagation,8921.7686µs,4567.015047619048µs,4990ms,125,20534.83969465649ms,3.6690328305235136ms
8,22500000,3.15ms,8892.4861µs,4092.933095238095µs,4991ms,125,21609.548529071115ms,3.662900188323917ms
8,24000000,2.21ms,7517.906999999999µs,6054.231210526316µs,4986ms,125,20579.657272727272ms,3.6589953529541934ms
8,25500000,2.54ms,7637.222µs,3743.951777777778µs,4987ms,125,22247.496348749723ms,3.6517847275942095ms
8,27000000,2.33ms,7970.370000000001µs,3611.1488749999994µs,4987ms,125,20694.26322163908ms,3.6462862818673436ms
8,28500000,3.12ms,7136.805900000001µs,3952.0438333333336µs,4980ms,125,20142.3530710558ms,3.644731040564374ms
8,30000000,2.29ms,7307.8383µs,3446.90152631579µs,4988ms,125,19869.39124643197ms,3.6387757348893537ms
9,15000000,2.78ms,7011.1513µs,3576.5741499999995µs,4986ms,111.1111111,20129.055740432614ms,3.633095107201759ms
9,16500000,2.25ms,6989.732999999998µs,3103.6098750000006µs,4988ms,111.1111111,19647.476093023255ms,3.627498352734461ms
9,18000000,2.49ms,7362.173199999999µs,2798.1943913043474µs,4984ms,111.1111111,19781.567330336118ms,3.6223952621188857ms
9,19500000,2.71ms,8545.7651µs,3394.336347826087µs,4987ms,111.1111111,19038.025832766827ms,3.6173055859802847ms
9,21000000,2.21ms,7697.847333333334µs,3505.0011111111107µs,4995.333333333333ms,126.984127,18572.777335984094ms,3.0714285714285716ms
9,22500000,3.06ms,7080.439333333334µs,3427.5550000000007µs,4992.5ms,126.984127,18976.788822525596ms,3.068720638042172ms
9,24000000,2.78ms,7991.844444444445µs,3279.9350370370366µs,4989.666666666667ms,126.984127,19183.226755852844ms,3.0649279790484503ms
9,25500000,3.31ms,8801.222555555556µs,3411.860166666666µs,4991.833333333333ms,126.984127,19236.606571936056ms,3.0598365122615805ms
9,27000000,2.76ms,8067.828888888889µs,3107.917724137931µs,4992.333333333333ms,126.984127,18631.580322991926ms,3.057043326801655ms
9,28500000,2.52ms,7881.378888888889µs,3064.3238965517244µs,4991.833333333333ms,126.984127,17704.72891674127ms,3.0521852576647097ms
9,30000000,2.39ms,8429.56311111111µs,3030.5946333333336µs,4992.666666666667ms,126.984127,18101.85183737295ms,3.0486480616787923ms
10,15000000,2.87ms,8342.18911111111µs,3072.24424137931µs,4991.166666666667ms,114.2857143,18379.777565328233ms,3.0457651013989806ms
10,16500000,3.08ms,8143.988666666667µs,3231.9336206896555µs,4989.833333333333ms,114.2857143,18024.755851569935ms,3.038994800693241ms
10,18000000,2.6ms,8198.640111111112µs,3280.664107142857µs,4992.666666666667ms,114.2857143,17302.66782760122ms,3.033643444396365ms
10,19500000,3.32ms,8620.608µs,3640.12523076923µs,4989.333333333333ms,114.2857143,16485.026694045173ms,3.0352203975799483ms
10,21000000,2.67ms,10478.057555555557µs,2512.6319062499997µs,4992.5ms,114.2857143,17590.24629286376ms,3.0264350453172204ms
10,22500000,2.53ms,8052.567999999999µs,3367.3584482758624µs,4989.166666666667ms,114.2857143,17713.29452900041ms,3.021228448275862ms
10,24000000,2.7ms,7857.756444444445µs,2852.6556388888876µs,4990ms,114.2857143,16195.546649145861ms,3.017649591046061ms
10,25500000,3.27ms,8344.60888888889µs,3189.768605263158µs,4989.333333333333ms,114.2857143,17746.750730501237ms,3.0161220980223558ms
10,27000000,3.77ms,7614.468666666666µs,3681.964647058823µs,4990.333333333333ms,114.2857143,16710.165890441338ms,3.011602922217447ms
10,28500000,3.61ms,8490.711777777778µs,3157.8952903225795µs,4989.166666666667ms,114.2857143,15871.892884914463ms,3.0133218736570693ms
10,30000000,3.45ms,7990.823777777779µs,3647.4447499999997µs,4987.166666666667ms,114.2857143,16682.808514700268ms,3.0139664804469275ms
11,15000000,3.07ms,8064.557666666667µs,2966.2111071428562µs,4991.666666666667ms,103.8961039,16703.40306122449ms,3.0119252256123765ms
11,16500000,3.23ms,8109.790222222222µs,3265.835222222222µs,4989.5ms,103.8961039,17508.031368631368ms,3.0119252256123765ms
11,18000000,3.97ms,7971.162888888889µs,2776.3212857142858µs,4991.833333333333ms,103.8961039,16982.263145809415ms,3.01299957026214ms
11,19500000,3.71ms,9369.138555555553µs,3064.939970588235µs,4990.333333333333ms,103.8961039,18296.916940609248ms,3.0107434464976364ms
11,21000000,3.8ms,9094.245µs,3371.850027027027µs,4986ms,103.8961039,17346.948581922057ms,3.0131070047271167ms
11,22500000,3.26ms,8727.529555555557µs,3689.89840625µs,4988.833333333333ms,103.8961039,16500.248300020605ms,3.011495487752471ms
11,24000000,3.72ms,8473.734333333334µs,3324.0605882352943µs,4990.166666666667ms,103.8961039,16097.106091718002ms,3.015577997421573ms
11,25500000,3.33ms,8099.5675555555545µs,3438.763972222221µs,4988.666666666667ms,103.8961039,16690.601220752797ms,3.0118177911474002ms
11,27000000,4.25ms,10629.109555555555µs,3262.692564102564µs,4990ms,103.8961039,16703.367914876202ms,3.012032660077353ms
11,28500000,3.68ms,8242.47011111111µs,3332.555235294118µs,4989.333333333333ms,103.8961039,17415.852158486105ms,3.0113880532874946ms
11,30000000,3.29ms,7989.761222222223µs,3752.592194444445µs,4988.166666666667ms,103.8961039,17296.245571302035ms,3.011602922217447ms
12,15000000,3.6ms,8624.01588888889µs,2875.7630731707313µs,4991.166666666667ms,95.23809524,17004.699643140364ms,3.0127847013321873ms
12,16500000,3.57ms,7916.6632222222215µs,3686.142931818181µs,4991.833333333333ms,95.23809524,16365.692440521872ms,3.012032660077353ms
12,18000000,4.33ms,7886.562222222222µs,3095.1425555555556µs,4990.833333333333ms,95.23809524,16334.650473343298ms,3.0113880532874946ms
12,19500000,4.07ms,9296.403333333335µs,3285.7755833333335µs,4988.833333333333ms,95.23809524,16899.13299351251ms,3.012140094542329ms
12,21000000,2.98ms,7754.457666666667µs,3487.057638888888µs,4991.166666666667ms,95.23809524,16548.085420944557ms,3.012032660077353ms
12,22500000,4.4ms,7996.32511111111µs,3236.3674545454546µs,4991.5ms,95.23809524,17144.79713114754ms,3.0112806188225183ms
12,24000000,4.14ms,8222.561666666666µs,3361.4296315789484µs,4988.5ms,95.23809524,18072.60790651417ms,3.011173184357542ms
12,25500000,4.14ms,8205.29577777778µs,3142.2505000000006µs,4991ms,95.23809524,15708.722311683665ms,3.0118177911474002ms
12,27000000,3.98ms,7541.455666666666µs,3656.529914285715µs,4988.5ms,95.23809524,17124.126678693126ms,3.011602922217447ms
12,28500000,4.1ms,8779.692888888889µs,3316.2916730769234µs,4988.166666666667ms,95.23809524,16585.438045375216ms,3.016222604211431ms
12,30000000,4.92ms,8114.726111111111µs,3356.007250000001µs,4990.666666666667ms,95.23809524,16942.7674965693ms,3.0107434464976364ms
13,15000000,4.15ms,7956.539µs,3346.653594594594µs,4991ms,87.91208791,15809.985470625395ms,3.011710356682424ms
13,16500000,3.82ms,7887.908777777779µs,4226.249250000002µs,4978.833333333333ms,87.91208791,18861.30018894662ms,3.0112806188225183ms
13,18000000,4.24ms,8535.76511111111µs,3636.7660196078427µs,4989.166666666667ms,87.91208791,16530.536844484628ms,3.0124623979372585ms
13,19500000,5.2ms,8379.859333333334µs,3336.7179318181807µs,4990.833333333333ms,87.91208791,17052.716271463614ms,3.0118177911474002ms
13,21000000,4.21ms,8467.516µs,3150.150529411765µs,4991.833333333333ms,87.91208791,17041.08962264151ms,3.011710356682424ms
13,22500000,4.63ms,11371.414222222222µs,3523.2559791666663µs,4990ms,87.91208791,17264.90799746782ms,3.0149333906317146ms
13,24000000,3.66ms,8141.716555555555µs,3226.687184210526µs,4991ms,87.91208791,16611.071258907363ms,3.012032660077353ms
13,25500000,5.4ms,8412.445444444445µs,3485.7858095238084µs,4990.833333333333ms,87.91208791,16537.741556167126ms,3.0118177911474002ms
13,27000000,4.48ms,8336.556222222222µs,3591.7084166666664µs,4988.166666666667ms,87.91208791,16495.569842738205ms,3.011602922217447ms
13,28500000,4.84ms,7845.664111111111µs,3007.5690909090913µs,4992.166666666667ms,87.91208791,16243.968689601856ms,3.011602922217447ms
13,30000000,3.71ms,8037.162444444444µs,2867.330125µs,4991ms,87.91208791,16991.12541050903ms,3.011495487752471ms
14,15000000,4.4ms,8450.820555555556µs,3007.5425454545452µs,4987.666666666667ms,81.63265306,17054.281409081654ms,3.0143962183068327ms
14,16500000,4.85ms,8110.984888888889µs,3140.048586956521µs,4991.5ms,81.63265306,16852.8809478673ms,3.0119252256123765ms
14,18000000,3.82ms,15140.00311111111µs,3049.1575490196074µs,4990.333333333333ms,81.63265306,16720.209238509033ms,3.0107434464976364ms
14,19500000,4.27ms,5578.409777777778µs,2974.7078958333336µs,4992.5ms,81.63265306,17161.55171704709ms,3.0112806188225183ms
14,21000000,4.28ms,6788.117888888889µs,3490.892428571428µs,4990.666666666667ms,81.63265306,16254.587082884822ms,3.01063601203266ms
14,22500000,3.78ms,6606.100999999999µs,3548.0223043478263µs,4990.666666666667ms,81.63265306,16538.505465779468ms,3.0107434464976364ms
14,24000000,3.91ms,6473.869µs,3401.6173µs,4992.833333333333ms,81.63265306,16797.884547069272ms,3.015577997421573ms
14,25500000,5.23ms,6354.2863333333335µs,3568.0560930232555µs,4992ms,81.63265306,17670.798521975885ms,3.0124623979372585ms
14,27000000,4.47ms,7110.627666666666µs,3405.2401489361705µs,4991.666666666667ms,81.63265306,17516.690401785716ms,3.011495487752471ms
14,28500000,4.81ms,6419.212666666666µs,3982.99123255814µs,4988.333333333333ms,81.63265306,17365.197512250284ms,3.011495487752471ms
14,30000000,4.65ms,8018.7155555555555µs,3363.612716981133µs,4990.333333333333ms,81.63265306,17180.446574752263ms,3.012140094542329ms
15,15000000,4.47ms,6980.962777777777µs,3251.868076923076µs,4991.666666666667ms,76.19047619,17088.2151503319ms,3.0112806188225183ms
15,16500000,4.88ms,7215.300333333334µs,2772.4364545454537µs,4991ms,76.19047619,18422.80685424159ms,3.0107434464976364ms
15,18000000,4.2ms,6870.321111111111µs,3928.8499583333337µs,4990.333333333333ms,76.19047619,16860.28190279214ms,3.0112806188225183ms
15,19500000,4.32ms,7413.072666666666µs,3934.3140961538465µs,4981.5ms,76.19047619,16577.707740535327ms,3.0113880532874946ms
15,21000000,4.99ms,7174.379333333334µs,4115.838036363636µs,4988ms,76.19047619,17378.219502407705ms,3.0123549634722817ms
15,22500000,5.41ms,7252.260666666666µs,3867.1583043478267µs,4989.333333333333ms,76.19047619,16364.09966555184ms,3.0143962183068327ms
15,24000000,3.98ms,7634.578µs,3553.6243600000003µs,4990ms,76.19047619,16726.203233729022ms,3.0125698324022347ms
15,25500000,5.32ms,7949.5742222222225µs,3858.628851063829µs,4991.166666666667ms,76.19047619,16801.011332551778ms,3.0119252256123765ms
15,27000000,5.15ms,8629.721777777779µs,3189.2364791666664µs,4990.166666666667ms,76.19047619,16747.976835879745ms,3.0119252256123765ms
15,28500000,3.75ms,8559.425666666668µs,3450.879523809523µs,4989.333333333333ms,76.19047619,15847.076231167079ms,3.012140094542329ms
15,30000000,4.17ms,9714.574888888888µs,3538.457160714286µs,4988ms,76.19047619,16795.226793248945ms,3.0128921357971636ms
16,15000000,5.11ms,8381.306µs,3985.298936170211µs,4989.833333333333ms,71.42857143,16947.911481844945ms,3.0113880532874946ms
16,16500000,5.22ms,8470.196111111112µs,3523.256531914893µs,4988.666666666667ms,71.42857143,16803.574521232305ms,3.0168672110012893ms
16,18000000,4.47ms,8828.284555555554µs,3951.5466136363652µs,4986.833333333333ms,71.42857143,17468.467800453516ms,3.011710356682424ms
16,19500000,4.83ms,8749.205666666665µs,3326.1146956521734µs,4990.166666666667ms,71.42857143,17810.89775561097ms,3.01299957026214ms
16,21000000,4.53ms,10469.022555555557µs,3994.4278124999983µs,4984.5ms,71.42857143,17112.435436071126ms,3.025676837129351ms
16,22500000,4.03ms,8804.579666666665µs,3841.9144772727273µs,4989.666666666667ms,71.42857143,17625.910521582733ms,3.011710356682424ms
16,24000000,4.53ms,8607.50911111111µs,3557.8391904761907µs,4989.666666666667ms,71.42857143,16774.557799442897ms,3.012032660077353ms
16,25500000,5.25ms,8151.5344444444445µs,3190.9100178571434µs,4988.833333333333ms,71.42857143,17512.369605022235ms,3.0118177911474002ms
16,27000000,4.84ms,8241.504111111111µs,3194.778846153846µs,4990.5ms,71.42857143,16748.866679756527ms,3.0118177911474002ms
16,28500000,4.47ms,8532.258666666667µs,3530.4017708333336µs,4988.333333333333ms,71.42857143,16076.031547889243ms,3.011602922217447ms
16,30000000,4.85ms,9755.147555555557µs,3532.509255813953µs,4989.833333333333ms,71.42857143,17122.09479599316ms,3.01299957026214ms
17,15000000,4.82ms,8916.725999999999µs,3490.072980392157µs,4990ms,67.22689076,16901.846363445817ms,3.0119252256123765ms
17,16500000,4.74ms,8804.917000000001µs,3707.1758431372546µs,4990ms,67.22689076,16800.52148826104ms,3.013536742587022ms
17,18000000,5.62ms,8376.989333333333µs,3385.024240740741µs,4990.5ms,67.22689076,16889.643120110446ms,3.011710356682424ms
17,19500000,4.77ms,7960.677000000001µs,3525.061909090909µs,4979ms,67.22689076,16800.72337006428ms,3.012032660077353ms
17,21000000,4.32ms,8859.043333333333µs,3118.727177777778µs,4989ms,67.22689076,17557.929598051156ms,3.0118177911474002ms
17,22500000,4.69ms,8974.067777777778µs,3649.154604166666µs,4990.166666666667ms,67.22689076,16421.262101779066ms,3.01299957026214ms
17,24000000,4.38ms,8707.598666666667µs,4113.741509433962µs,4986.833333333333ms,67.22689076,17515.025319508077ms,3.013859045981951ms
17,25500000,5.76ms,10676.39377777778µs,3424.671615384616µs,4989.666666666667ms,67.22689076,17150.353246167717ms,3.0123549634722817ms
17,27000000,5.21ms,9020.549666666666µs,4350.761803571429µs,4984.833333333333ms,67.22689076,17951.13849908481ms,3.0149333906317146ms
17,28500000,5.05ms,9142.12811111111µs,3792.462215686274µs,4985.5ms,67.22689076,17107.489493201483ms,3.02009024495058ms
17,30000000,5.16ms,8804.854333333333µs,3590.3382045454546µs,4991ms,67.22689076,16332.751365523269ms,3.012032660077353ms
18,15000000,4.87ms,9109.351000000002µs,3615.3586666666665µs,4988.666666666667ms,63.49206349,16480.362682215742ms,3.0139664804469275ms
18,16500000,5.04ms,9157.657555555554µs,3727.536740740741µs,4984.833333333333ms,63.49206349,17973.583789159624ms,3.015577997421573ms
18,18000000,5.45ms,9137.420222222223µs,3598.656754716982µs,4988.5ms,63.49206349,17536.75743385624ms,3.0124623979372585ms
18,19500000,4.39ms,9138.136µs,3512.388346938775µs,4988.833333333333ms,63.49206349,17072.75016774771ms,3.0122475290073054ms
18,21000000,5.1ms,9293.244222222222µs,3545.3673396226413µs,4990.333333333333ms,63.49206349,16654.960268827832ms,3.0122475290073054ms
18,22500000,4.72ms,9104.356444444444µs,3967.0232708333333µs,4987.333333333333ms,63.49206349,17187.220480668755ms,3.0131070047271167ms
18,24000000,5ms,11047.586555555557µs,3496.8078260869574µs,4989ms,63.49206349,16412.70743884174ms,3.0122475290073054ms
18,25500000,5.22ms,10215.312777777777µs,3346.6702142857143µs,4984.833333333333ms,63.49206349,17164.93198488553ms,3.0118177911474002ms
18,27000000,5.04ms,9477.337222222222µs,3995.5914390243897µs,4988.5ms,63.49206349,17658.333333333332ms,3.012032660077353ms
18,28500000,4.27ms,9304.659111111112µs,3714.31929787234µs,4989.833333333333ms,63.49206349,16705.035063113606ms,3.0124623979372585ms
18,30000000,4.76ms,8916.235555555557µs,3444.9723965517237µs,4988.833333333333ms,63.49206349,17393.338401290024ms,3.0148259561667383ms
19,15000000,5.51ms,8360.749777777777µs,4026.100482142858µs,4989.666666666667ms,60.15037594,16032.31932938856ms,3.0112806188225183ms
19,16500000,5.95ms,8679.367333333334µs,3761.555981818182µs,4990.166666666667ms,60.15037594,17514.288334995013ms,3.012140094542329ms
19,18000000,5.5ms,8946.44411111111µs,4442.212274509805µs,4986ms,60.15037594,16268.02697495183ms,3.0127847013321873ms
19,19500000,5.58ms,8994.424222222222µs,3476.6321041666665µs,4991ms,60.15037594,16779.22773075373ms,3.0122475290073054ms
19,21000000,5.46ms,9274.095111111112µs,3419.7451489361715µs,4987.166666666667ms,60.15037594,16453.95218614165ms,3.011602922217447ms
19,22500000,4.52ms,9089.138333333334µs,3303.2167073170735µs,4989.666666666667ms,60.15037594,16902.875622882202ms,3.0118177911474002ms
19,24000000,3.65ms,9066.889222222222µs,3865.287945454545µs,4984.833333333333ms,60.15037594,17530.704311152764ms,3.0122475290073054ms
19,25500000,4.16ms,12456.793µs,2859.2738666666664µs,4989.833333333333ms,60.15037594,16704.90810691407ms,3.0127847013321873ms
19,27000000,4.3ms,8884.203555555556µs,4136.079891304349µs,4986.333333333333ms,60.15037594,16325.622203811103ms,3.013644177051998ms
19,28500000,4.24ms,9238.972666666667µs,3609.5455999999995µs,4989ms,60.15037594,15774.065783356578ms,3.0175118177911475ms
19,30000000,4.64ms,9346.687999999998µs,3440.1059523809527µs,4989.666666666667ms,60.15037594,17215.59756877799ms,3.0119252256123765ms
20,15000000,4.57ms,9522.267777777779µs,3457.070627906977µs,4989.166666666667ms,57.14285714,17358.420669246527ms,3.0122475290073054ms
20,16500000,4.77ms,9424.873777777779µs,4144.059117647059µs,4989.166666666667ms,57.14285714,17438.863050075874ms,3.0118177911474002ms
20,18000000,5.09ms,9245.257µs,3404.334469387756µs,4989.166666666667ms,57.14285714,16740.108376608714ms,3.011710356682424ms
20,19500000,4.65ms,9419.300555555557µs,3408.7580576923083µs,4987ms,57.14285714,18150.80434315201ms,3.0119252256123765ms
20,21000000,4.83ms,9352.683555555554µs,3450.4200392156863µs,4990.166666666667ms,57.14285714,16427.966796875ms,3.011602922217447ms
20,22500000,5.47ms,9596.002777777778µs,3794.687895833333µs,4986.5ms,57.14285714,16881.187604690116ms,3.012140094542329ms
20,24000000,4.25ms,9168.306888888888µs,4320.335320000001µs,4984.666666666667ms,57.14285714,16976.80089153046ms,3.0127847013321873ms
20,25500000,4.37ms,9136.027µs,3823.3656595744665µs,4987.166666666667ms,57.14285714,17693.16417910448ms,3.0119252256123765ms
20,27000000,4.64ms,9423.538222222223µs,3419.25544µs,4989.666666666667ms,57.14285714,17818.369951534733ms,3.0124623979372585ms
20,28500000,5.07ms,9585.889333333334µs,3952.9302142857146µs,4989.5ms,57.14285714,17447.861152141802ms,3.0139664804469275ms
20,30000000,4.83ms,9191.171333333334µs,3115.414211538461µs,4989.333333333333ms,57.14285714,17339.347111014933ms,3.0118177911474002ms
21,15000000,4.35ms,12210.655222222222µs,3238.531425925926µs,4988.5ms,54.42176871,17335.50400519593ms,3.0119252256123765ms
21,16500000,4.6ms,9095.02811111111µs,4299.116660714286µs,4984.666666666667ms,54.42176871,17375.09129943503ms,3.0119252256123765ms
21,18000000,5.84ms,9734.851444444444µs,3884.526166666666µs,4988.833333333333ms,54.42176871,17285.59391732705ms,3.0123549634722817ms
21,19500000,4.76ms,9227.571444444442µs,3573.3342954545456µs,4984.5ms,54.42176871,16394.730128205127ms,3.01299957026214ms
21,21000000,5.13ms,9571.732777777777µs,3469.479224489795µs,4988.5ms,54.42176871,17163.16763652641ms,3.0118177911474002ms
21,22500000,4.21ms,9859.742µs,3837.5073265306123µs,4990.5ms,54.42176871,17447.372419018753ms,3.0119252256123765ms
21,24000000,4.8ms,9148.447333333335µs,3016.7955098039215µs,4989.166666666667ms,54.42176871,16153.946350043976ms,3.0112806188225183ms
21,25500000,5.23ms,9298.63211111111µs,3909.2716875000006µs,4989.666666666667ms,54.42176871,16666.529649595686ms,3.012140094542329ms
21,27000000,5.14ms,8655.035777777779µs,3933.4103673469376µs,4989.166666666667ms,54.42176871,16588.30207817912ms,3.0133218736570693ms
21,28500000,4.61ms,8930.326111111111µs,3169.917227272727µs,4989.666666666667ms,54.42176871,16823.31283068783ms,3.012140094542329ms
21,30000000,4.72ms,9628.412555555555µs,3295.536399999999µs,4987.666666666667ms,54.42176871,17741.58356873823ms,3.013214439192093ms
22,15000000,4.5ms,9930.446µs,3339.1271666666667µs,4985.666666666667ms,51.94805195,16145.841266277503ms,3.012140094542329ms
22,16500000,3.83ms,9457.027666666667µs,3457.663291666667µs,4988.166666666667ms,51.94805195,16859.55183689171ms,3.0118177911474002ms
22,18000000,4.15ms,9601.78711111111µs,3169.268319999999µs,4989.833333333333ms,51.94805195,16943.759560338905ms,3.0125698324022347ms
22,19500000,4.9ms,9180.280222222224µs,3356.9826785714286µs,4989.833333333333ms,51.94805195,17090.982139534884ms,3.0118177911474002ms
22,21000000,3.97ms,10720.991666666667µs,3784.5634791666675µs,4986.666666666667ms,51.94805195,17486.962316641377ms,3.0166523420713367ms
22,22500000,5.45ms,8831.876444444444µs,3376.802632653061µs,4983.833333333333ms,51.94805195,17911.40661641541ms,3.013536742587022ms
22,24000000,4.31ms,9823.334777777778µs,3365.0285217391297µs,4989.666666666667ms,51.94805195,16683.173514851485ms,3.0125698324022347ms
22,25500000,4.23ms,13137.648666666668µs,3317.858511627907µs,4989.666666666667ms,51.94805195,16704.90950676213ms,3.015577997421573ms
22,27000000,4.15ms,9652.20422222222µs,3064.996190476191µs,4989.5ms,51.94805195,16944.331073446327ms,3.0122475290073054ms
22,28500000,5.19ms,10178.834333333332µs,3641.5939782608702µs,4988.5ms,51.94805195,17383.954674841254ms,3.0139664804469275ms
22,30000000,4.83ms,9061.835444444445µs,3479.763535714285µs,4990.333333333333ms,51.94805195,16836.187197304695ms,3.012140094542329ms
23,15000000,5.16ms,9707.599444444444µs,3403.2353400000015µs,4989.666666666667ms,49.68944099,16833.29883797413ms,3.0118177911474002ms
23,16500000,5.35ms,9754.53677777778µs,3586.4331555555555µs,4990.333333333333ms,49.68944099,16692.91260923845ms,3.012032660077353ms
23,18000000,4.53ms,9792.11788888889µs,3304.702µs,4987.333333333333ms,49.68944099,17215.763163244563ms,3.0122475290073054ms
23,19500000,4.38ms,9559.94511111111µs,4198.233928571429µs,4984.333333333333ms,49.68944099,18615.98068669528ms,3.015040825096691ms
23,21000000,4.07ms,18879.011333333336µs,3336.1512608695657µs,4986.833333333333ms,49.68944099,17503.68581081081ms,3.0139664804469275ms
23,22500000,4.49ms,6305.479444444445µs,3752.520720000002µs,4987.166666666667ms,49.68944099,17624.634696132598ms,3.0175118177911475ms
23,24000000,4.28ms,7064.2789999999995µs,3655.0053095238086µs,4990ms,49.68944099,17142.388385957165ms,3.0118177911474002ms
23,25500000,4.92ms,7390.083888888889µs,3956.8303877551016µs,4988.5ms,49.68944099,16251.314112903226ms,3.0148259561667383ms
23,27000000,4.59ms,7547.148000000001µs,2981.7636938775504µs,4990.333333333333ms,49.68944099,17261.758875387182ms,3.0113880532874946ms
23,28500000,4.29ms,7371.320777777778µs,3689.5705102040815µs,4987.5ms,49.68944099,16928.98576665948ms,3.011602922217447ms
23,30000000,4.42ms,7641.09111111111µs,3675.391347826087µs,4988.5ms,49.68944099,17389.246234067206ms,3.0122475290073054ms
24,15000000,4.69ms,7444.065555555555µs,3835.6973958333333µs,4988.166666666667ms,47.61904762,16881.54482090997ms,3.011710356682424ms
24,16500000,4.18ms,7931.202444444444µs,3279.4320666666667µs,4988ms,47.61904762,16707.31893213776ms,3.0112806188225183ms
24,18000000,5.54ms,7897.148444444444µs,3735.9977799999992µs,4986.833333333333ms,47.61904762,17002.19036372225ms,3.0113880532874946ms
24,19500000,4.8ms,8538.227555555557µs,4195.388µs,4986.333333333333ms,47.61904762,17284.208149337617ms,3.0119252256123765ms
24,21000000,4.66ms,8532.942777777778µs,3369.1056304347817µs,4989.333333333333ms,47.61904762,16846.10318985396ms,3.0125698324022347ms
24,22500000,4.15ms,8336.531µs,3770.548021276596µs,4989.166666666667ms,47.61904762,17946.528720337104ms,3.0119252256123765ms
24,24000000,4.6ms,9143.82988888889µs,3228.335709090907µs,4990ms,47.61904762,15900.193436960277ms,3.011710356682424ms
24,25500000,4.92ms,8075.965777777779µs,3264.2700588235293µs,4989ms,47.61904762,16237.774765796292ms,3.012140094542329ms
24,27000000,4.55ms,8254.120666666666µs,4211.279977777777µs,4988.5ms,47.61904762,17034.603015075376ms,3.011710356682424ms
24,28500000,3.97ms,9050.85611111111µs,3660.926307692309µs,4988.666666666667ms,47.61904762,17518.929534313724ms,3.012140094542329ms
24,30000000,5.52ms,8799.437333333331µs,3813.4938867924525µs,4988.5ms,47.61904762,17473.455948121646ms,3.0131070047271167ms
25,15000000,4.42ms,8541.772µs,3864.5268260869575µs,4989.333333333333ms,45.71428571,17364.007243289307ms,3.011710356682424ms
25,16500000,5.11ms,8447.406777777778µs,4017.5512321428573µs,4989ms,45.71428571,16205.101713532513ms,3.0184787279759346ms
25,18000000,4.91ms,9560.921111111109µs,3651.782422222222µs,4986.166666666667ms,45.71428571,17111.960966542752ms,3.012032660077353ms
25,19500000,5.38ms,8441.593888888889µs,3590.857124999999µs,4984.666666666667ms,45.71428571,17088.171931956258ms,3.0110657498925657ms
25,21000000,4.19ms,8922.259µs,3739.4823617021284µs,4990.5ms,45.71428571,16807.31188542112ms,3.012032660077353ms
25,22500000,4.84ms,8005.4251111111125µs,3172.0495849056597µs,4989.666666666667ms,45.71428571,17273.236465161448ms,3.0118177911474002ms
25,24000000,4.95ms,9900.479888888887µs,3501.3678596491222µs,4990.5ms,45.71428571,17704.50045829514ms,3.014073914911904ms
25,25500000,4.59ms,8607.874333333333µs,3880.1502499999992µs,4988.666666666667ms,45.71428571,16827.67154690811ms,3.011602922217447ms
25,27000000,5.2ms,8624.452555555554µs,3746.2081914893624µs,4989.833333333333ms,45.71428571,16860.470642201835ms,3.011710356682424ms
25,28500000,5.2ms,9043.200888888889µs,4073.1139347826083µs,4989.666666666667ms,45.71428571,16766.12700041034ms,3.011602922217447ms
25,30000000,4.73ms,8702.980111111112µs,3368.7781749999995µs,4989ms,45.71428571,17235.50382910117ms,3.0122475290073054ms